,question_output,sentence_input
0,"Why From a comfort standpoint, polarized lenses are the most effective lenses for blocking glare.","From a comfort standpoint, polarized lenses are the most effective lenses for blocking glare."
1,"Do you know why From a comfort standpoint, polarized lenses are the most effective lenses for blocking glare.","From a comfort standpoint, polarized lenses are the most effective lenses for blocking glare."
2,"What From a comfort standpoint, polarized lenses are the most effective lenses for blocking glare.","From a comfort standpoint, polarized lenses are the most effective lenses for blocking glare."
3,"How From a comfort standpoint, polarized lenses are the most effective lenses for blocking glare.","From a comfort standpoint, polarized lenses are the most effective lenses for blocking glare."
4,"When From a comfort standpoint, polarized lenses are the most effective lenses for blocking glare.","From a comfort standpoint, polarized lenses are the most effective lenses for blocking glare."
5,"Where From a comfort standpoint, polarized lenses are the most effective lenses for blocking glare.","From a comfort standpoint, polarized lenses are the most effective lenses for blocking glare."
6,"Why Rapid and powerful, it is a smart, formidable hunter known to deploy clever tactics like working together to drive fish into shallow water and trap them.","Rapid and powerful, it is a smart, formidable hunter known to deploy clever tactics like working together to drive fish into shallow water and trap them."
7,"Do you know why Rapid and powerful, it is a smart, formidable hunter known to deploy clever tactics like working together to drive fish into shallow water and trap them.","Rapid and powerful, it is a smart, formidable hunter known to deploy clever tactics like working together to drive fish into shallow water and trap them."
8,"What Rapid and powerful, it is a smart, formidable hunter known to deploy clever tactics like working together to drive fish into shallow water and trap them.","Rapid and powerful, it is a smart, formidable hunter known to deploy clever tactics like working together to drive fish into shallow water and trap them."
9,"How Rapid and powerful, it is a smart, formidable hunter known to deploy clever tactics like working together to drive fish into shallow water and trap them.","Rapid and powerful, it is a smart, formidable hunter known to deploy clever tactics like working together to drive fish into shallow water and trap them."
10,"When Rapid and powerful, it is a smart, formidable hunter known to deploy clever tactics like working together to drive fish into shallow water and trap them.","Rapid and powerful, it is a smart, formidable hunter known to deploy clever tactics like working together to drive fish into shallow water and trap them."
11,"Where Rapid and powerful, it is a smart, formidable hunter known to deploy clever tactics like working together to drive fish into shallow water and trap them.","Rapid and powerful, it is a smart, formidable hunter known to deploy clever tactics like working together to drive fish into shallow water and trap them."
12,"Why In basic terms, the foam is a composite metal foam.","In basic terms, the foam is a composite metal foam."
13,"Do you know why In basic terms, the foam is a composite metal foam.","In basic terms, the foam is a composite metal foam."
14,"What In basic terms, the foam is a composite metal foam.","In basic terms, the foam is a composite metal foam."
15,"How In basic terms, the foam is a composite metal foam.","In basic terms, the foam is a composite metal foam."
16,"When In basic terms, the foam is a composite metal foam.","In basic terms, the foam is a composite metal foam."
17,"Where In basic terms, the foam is a composite metal foam.","In basic terms, the foam is a composite metal foam."
18,"Why In the midwest, Chicago, Milwaukee, Omaha, and St. Louis are a few ShotSpotter-equipped cities.","In the midwest, Chicago, Milwaukee, Omaha, and St. Louis are a few ShotSpotter-equipped cities."
19,"Do you know why In the midwest, Chicago, Milwaukee, Omaha, and St. Louis are a few ShotSpotter-equipped cities.","In the midwest, Chicago, Milwaukee, Omaha, and St. Louis are a few ShotSpotter-equipped cities."
20,"What In the midwest, Chicago, Milwaukee, Omaha, and St. Louis are a few ShotSpotter-equipped cities.","In the midwest, Chicago, Milwaukee, Omaha, and St. Louis are a few ShotSpotter-equipped cities."
21,"How In the midwest, Chicago, Milwaukee, Omaha, and St. Louis are a few ShotSpotter-equipped cities.","In the midwest, Chicago, Milwaukee, Omaha, and St. Louis are a few ShotSpotter-equipped cities."
22,"When In the midwest, Chicago, Milwaukee, Omaha, and St. Louis are a few ShotSpotter-equipped cities.","In the midwest, Chicago, Milwaukee, Omaha, and St. Louis are a few ShotSpotter-equipped cities."
23,"Where In the midwest, Chicago, Milwaukee, Omaha, and St. Louis are a few ShotSpotter-equipped cities.","In the midwest, Chicago, Milwaukee, Omaha, and St. Louis are a few ShotSpotter-equipped cities."
24,"Why Just like how you can control who sees your data with Snapchat and it disappears, it is the same idea with this concept.","Just like how you can control who sees your data with Snapchat and it disappears, it is the same idea with this concept."
25,"Do you know why Just like how you can control who sees your data with Snapchat and it disappears, it is the same idea with this concept.","Just like how you can control who sees your data with Snapchat and it disappears, it is the same idea with this concept."
26,"What Just like how you can control who sees your data with Snapchat and it disappears, it is the same idea with this concept.","Just like how you can control who sees your data with Snapchat and it disappears, it is the same idea with this concept."
27,"How Just like how you can control who sees your data with Snapchat and it disappears, it is the same idea with this concept.","Just like how you can control who sees your data with Snapchat and it disappears, it is the same idea with this concept."
28,"When Just like how you can control who sees your data with Snapchat and it disappears, it is the same idea with this concept.","Just like how you can control who sees your data with Snapchat and it disappears, it is the same idea with this concept."
29,"Where Just like how you can control who sees your data with Snapchat and it disappears, it is the same idea with this concept.","Just like how you can control who sees your data with Snapchat and it disappears, it is the same idea with this concept."
30,"Why Just like how you can control who sees your data with Snapchat and it disappears, it is the same idea with this concept.","Just like how you can control who sees your data with Snapchat and it disappears, it is the same idea with this concept."
31,"Do you know why Just like how you can control who sees your data with Snapchat and it disappears, it is the same idea with this concept.","Just like how you can control who sees your data with Snapchat and it disappears, it is the same idea with this concept."
32,"What Just like how you can control who sees your data with Snapchat and it disappears, it is the same idea with this concept.","Just like how you can control who sees your data with Snapchat and it disappears, it is the same idea with this concept."
33,"How Just like how you can control who sees your data with Snapchat and it disappears, it is the same idea with this concept.","Just like how you can control who sees your data with Snapchat and it disappears, it is the same idea with this concept."
34,"When Just like how you can control who sees your data with Snapchat and it disappears, it is the same idea with this concept.","Just like how you can control who sees your data with Snapchat and it disappears, it is the same idea with this concept."
35,"Where Just like how you can control who sees your data with Snapchat and it disappears, it is the same idea with this concept.","Just like how you can control who sees your data with Snapchat and it disappears, it is the same idea with this concept."
36,Why Vehicles armed with this new tech are the next step to giving cities across America an advanced defense against this serious threat.,Vehicles armed with this new tech are the next step to giving cities across America an advanced defense against this serious threat.
37,Do you know why Vehicles armed with this new tech are the next step to giving cities across America an advanced defense against this serious threat.,Vehicles armed with this new tech are the next step to giving cities across America an advanced defense against this serious threat.
38,What Vehicles armed with this new tech are the next step to giving cities across America an advanced defense against this serious threat.,Vehicles armed with this new tech are the next step to giving cities across America an advanced defense against this serious threat.
39,How Vehicles armed with this new tech are the next step to giving cities across America an advanced defense against this serious threat.,Vehicles armed with this new tech are the next step to giving cities across America an advanced defense against this serious threat.
40,When Vehicles armed with this new tech are the next step to giving cities across America an advanced defense against this serious threat.,Vehicles armed with this new tech are the next step to giving cities across America an advanced defense against this serious threat.
41,Where Vehicles armed with this new tech are the next step to giving cities across America an advanced defense against this serious threat.,Vehicles armed with this new tech are the next step to giving cities across America an advanced defense against this serious threat.
42,Why These boots are an excellent choice for for all sorts of hunting from treestand through to backcountry hunt.,These boots are an excellent choice for for all sorts of hunting from treestand through to backcountry hunt.
43,Do you know why These boots are an excellent choice for for all sorts of hunting from treestand through to backcountry hunt.,These boots are an excellent choice for for all sorts of hunting from treestand through to backcountry hunt.
44,What These boots are an excellent choice for for all sorts of hunting from treestand through to backcountry hunt.,These boots are an excellent choice for for all sorts of hunting from treestand through to backcountry hunt.
45,How These boots are an excellent choice for for all sorts of hunting from treestand through to backcountry hunt.,These boots are an excellent choice for for all sorts of hunting from treestand through to backcountry hunt.
46,When These boots are an excellent choice for for all sorts of hunting from treestand through to backcountry hunt.,These boots are an excellent choice for for all sorts of hunting from treestand through to backcountry hunt.
47,Where These boots are an excellent choice for for all sorts of hunting from treestand through to backcountry hunt.,These boots are an excellent choice for for all sorts of hunting from treestand through to backcountry hunt.
48,Why These boots are an excellent choice for for all sorts of hunting from treestand through to backcountry hunt.,These boots are an excellent choice for for all sorts of hunting from treestand through to backcountry hunt.
49,Do you know why These boots are an excellent choice for for all sorts of hunting from treestand through to backcountry hunt.,These boots are an excellent choice for for all sorts of hunting from treestand through to backcountry hunt.
50,What These boots are an excellent choice for for all sorts of hunting from treestand through to backcountry hunt.,These boots are an excellent choice for for all sorts of hunting from treestand through to backcountry hunt.
51,How These boots are an excellent choice for for all sorts of hunting from treestand through to backcountry hunt.,These boots are an excellent choice for for all sorts of hunting from treestand through to backcountry hunt.
52,When These boots are an excellent choice for for all sorts of hunting from treestand through to backcountry hunt.,These boots are an excellent choice for for all sorts of hunting from treestand through to backcountry hunt.
53,Where These boots are an excellent choice for for all sorts of hunting from treestand through to backcountry hunt.,These boots are an excellent choice for for all sorts of hunting from treestand through to backcountry hunt.
54,Why Every year there is an important series of briefings and meetings and the event is an invaluable opportunity for Army folks to connect and catch up.,Every year there is an important series of briefings and meetings and the event is an invaluable opportunity for Army folks to connect and catch up.
55,Do you know why Every year there is an important series of briefings and meetings and the event is an invaluable opportunity for Army folks to connect and catch up.,Every year there is an important series of briefings and meetings and the event is an invaluable opportunity for Army folks to connect and catch up.
56,What Every year there is an important series of briefings and meetings and the event is an invaluable opportunity for Army folks to connect and catch up.,Every year there is an important series of briefings and meetings and the event is an invaluable opportunity for Army folks to connect and catch up.
57,How Every year there is an important series of briefings and meetings and the event is an invaluable opportunity for Army folks to connect and catch up.,Every year there is an important series of briefings and meetings and the event is an invaluable opportunity for Army folks to connect and catch up.
58,When Every year there is an important series of briefings and meetings and the event is an invaluable opportunity for Army folks to connect and catch up.,Every year there is an important series of briefings and meetings and the event is an invaluable opportunity for Army folks to connect and catch up.
59,Where Every year there is an important series of briefings and meetings and the event is an invaluable opportunity for Army folks to connect and catch up.,Every year there is an important series of briefings and meetings and the event is an invaluable opportunity for Army folks to connect and catch up.
60,Why Every year there is an important series of briefings and meetings and the event is an invaluable opportunity for Army folks to connect and catch up.,Every year there is an important series of briefings and meetings and the event is an invaluable opportunity for Army folks to connect and catch up.
61,Do you know why Every year there is an important series of briefings and meetings and the event is an invaluable opportunity for Army folks to connect and catch up.,Every year there is an important series of briefings and meetings and the event is an invaluable opportunity for Army folks to connect and catch up.
62,What Every year there is an important series of briefings and meetings and the event is an invaluable opportunity for Army folks to connect and catch up.,Every year there is an important series of briefings and meetings and the event is an invaluable opportunity for Army folks to connect and catch up.
63,How Every year there is an important series of briefings and meetings and the event is an invaluable opportunity for Army folks to connect and catch up.,Every year there is an important series of briefings and meetings and the event is an invaluable opportunity for Army folks to connect and catch up.
64,When Every year there is an important series of briefings and meetings and the event is an invaluable opportunity for Army folks to connect and catch up.,Every year there is an important series of briefings and meetings and the event is an invaluable opportunity for Army folks to connect and catch up.
65,Where Every year there is an important series of briefings and meetings and the event is an invaluable opportunity for Army folks to connect and catch up.,Every year there is an important series of briefings and meetings and the event is an invaluable opportunity for Army folks to connect and catch up.
66,Why And this small runway is the only area to land.,And this small runway is the only area to land.
67,Do you know why And this small runway is the only area to land.,And this small runway is the only area to land.
68,What And this small runway is the only area to land.,And this small runway is the only area to land.
69,How And this small runway is the only area to land.,And this small runway is the only area to land.
70,When And this small runway is the only area to land.,And this small runway is the only area to land.
71,Where And this small runway is the only area to land.,And this small runway is the only area to land.
72,"Why For a solo operator who needs to carry full combat equipment and a heavy parachutist drop bag, this model is an ideal solution.","For a solo operator who needs to carry full combat equipment and a heavy parachutist drop bag, this model is an ideal solution."
73,"Do you know why For a solo operator who needs to carry full combat equipment and a heavy parachutist drop bag, this model is an ideal solution.","For a solo operator who needs to carry full combat equipment and a heavy parachutist drop bag, this model is an ideal solution."
74,"What For a solo operator who needs to carry full combat equipment and a heavy parachutist drop bag, this model is an ideal solution.","For a solo operator who needs to carry full combat equipment and a heavy parachutist drop bag, this model is an ideal solution."
75,"How For a solo operator who needs to carry full combat equipment and a heavy parachutist drop bag, this model is an ideal solution.","For a solo operator who needs to carry full combat equipment and a heavy parachutist drop bag, this model is an ideal solution."
76,"When For a solo operator who needs to carry full combat equipment and a heavy parachutist drop bag, this model is an ideal solution.","For a solo operator who needs to carry full combat equipment and a heavy parachutist drop bag, this model is an ideal solution."
77,"Where For a solo operator who needs to carry full combat equipment and a heavy parachutist drop bag, this model is an ideal solution.","For a solo operator who needs to carry full combat equipment and a heavy parachutist drop bag, this model is an ideal solution."
78,"Why With maximum performance, craftsmanship and reliability, they are a great choice for concealed carry for anyone.","With maximum performance, craftsmanship and reliability, they are a great choice for concealed carry for anyone."
79,"Do you know why With maximum performance, craftsmanship and reliability, they are a great choice for concealed carry for anyone.","With maximum performance, craftsmanship and reliability, they are a great choice for concealed carry for anyone."
80,"What With maximum performance, craftsmanship and reliability, they are a great choice for concealed carry for anyone.","With maximum performance, craftsmanship and reliability, they are a great choice for concealed carry for anyone."
81,"How With maximum performance, craftsmanship and reliability, they are a great choice for concealed carry for anyone.","With maximum performance, craftsmanship and reliability, they are a great choice for concealed carry for anyone."
82,"When With maximum performance, craftsmanship and reliability, they are a great choice for concealed carry for anyone.","With maximum performance, craftsmanship and reliability, they are a great choice for concealed carry for anyone."
83,"Where With maximum performance, craftsmanship and reliability, they are a great choice for concealed carry for anyone.","With maximum performance, craftsmanship and reliability, they are a great choice for concealed carry for anyone."
84,Why It is a synthetic version of a chemical produced naturally by daisies.,It is a synthetic version of a chemical produced naturally by daisies.
85,Do you know why It is a synthetic version of a chemical produced naturally by daisies.,It is a synthetic version of a chemical produced naturally by daisies.
86,What It is a synthetic version of a chemical produced naturally by daisies.,It is a synthetic version of a chemical produced naturally by daisies.
87,How It is a synthetic version of a chemical produced naturally by daisies.,It is a synthetic version of a chemical produced naturally by daisies.
88,When It is a synthetic version of a chemical produced naturally by daisies.,It is a synthetic version of a chemical produced naturally by daisies.
89,Where It is a synthetic version of a chemical produced naturally by daisies.,It is a synthetic version of a chemical produced naturally by daisies.
90,Why It is a synthetic version of a chemical produced naturally by daisies.,It is a synthetic version of a chemical produced naturally by daisies.
91,Do you know why It is a synthetic version of a chemical produced naturally by daisies.,It is a synthetic version of a chemical produced naturally by daisies.
92,What It is a synthetic version of a chemical produced naturally by daisies.,It is a synthetic version of a chemical produced naturally by daisies.
93,How It is a synthetic version of a chemical produced naturally by daisies.,It is a synthetic version of a chemical produced naturally by daisies.
94,When It is a synthetic version of a chemical produced naturally by daisies.,It is a synthetic version of a chemical produced naturally by daisies.
95,Where It is a synthetic version of a chemical produced naturally by daisies.,It is a synthetic version of a chemical produced naturally by daisies.
96,"Why Robust and ready to stick with you in extreme events, a tactical watch is a smart decision to help guide your way to safety.","Robust and ready to stick with you in extreme events, a tactical watch is a smart decision to help guide your way to safety."
97,"Do you know why Robust and ready to stick with you in extreme events, a tactical watch is a smart decision to help guide your way to safety.","Robust and ready to stick with you in extreme events, a tactical watch is a smart decision to help guide your way to safety."
98,"What Robust and ready to stick with you in extreme events, a tactical watch is a smart decision to help guide your way to safety.","Robust and ready to stick with you in extreme events, a tactical watch is a smart decision to help guide your way to safety."
99,"How Robust and ready to stick with you in extreme events, a tactical watch is a smart decision to help guide your way to safety.","Robust and ready to stick with you in extreme events, a tactical watch is a smart decision to help guide your way to safety."
100,"When Robust and ready to stick with you in extreme events, a tactical watch is a smart decision to help guide your way to safety.","Robust and ready to stick with you in extreme events, a tactical watch is a smart decision to help guide your way to safety."
101,"Where Robust and ready to stick with you in extreme events, a tactical watch is a smart decision to help guide your way to safety.","Robust and ready to stick with you in extreme events, a tactical watch is a smart decision to help guide your way to safety."
102,"Why Capable of a range of missions, the commercial jet-sized spy plane is a powerful weapon in the U.S. Navy's arsenal.","Capable of a range of missions, the commercial jet-sized spy plane is a powerful weapon in the U.S. Navy's arsenal."
103,"Do you know why Capable of a range of missions, the commercial jet-sized spy plane is a powerful weapon in the U.S. Navy's arsenal.","Capable of a range of missions, the commercial jet-sized spy plane is a powerful weapon in the U.S. Navy's arsenal."
104,"What Capable of a range of missions, the commercial jet-sized spy plane is a powerful weapon in the U.S. Navy's arsenal.","Capable of a range of missions, the commercial jet-sized spy plane is a powerful weapon in the U.S. Navy's arsenal."
105,"How Capable of a range of missions, the commercial jet-sized spy plane is a powerful weapon in the U.S. Navy's arsenal.","Capable of a range of missions, the commercial jet-sized spy plane is a powerful weapon in the U.S. Navy's arsenal."
106,"When Capable of a range of missions, the commercial jet-sized spy plane is a powerful weapon in the U.S. Navy's arsenal.","Capable of a range of missions, the commercial jet-sized spy plane is a powerful weapon in the U.S. Navy's arsenal."
107,"Where Capable of a range of missions, the commercial jet-sized spy plane is a powerful weapon in the U.S. Navy's arsenal.","Capable of a range of missions, the commercial jet-sized spy plane is a powerful weapon in the U.S. Navy's arsenal."
108,"Why Capable of a range of missions, the commercial jet-sized spy plane is a powerful weapon in the U.S. Navy's arsenal.","Capable of a range of missions, the commercial jet-sized spy plane is a powerful weapon in the U.S. Navy's arsenal."
109,"Do you know why Capable of a range of missions, the commercial jet-sized spy plane is a powerful weapon in the U.S. Navy's arsenal.","Capable of a range of missions, the commercial jet-sized spy plane is a powerful weapon in the U.S. Navy's arsenal."
110,"What Capable of a range of missions, the commercial jet-sized spy plane is a powerful weapon in the U.S. Navy's arsenal.","Capable of a range of missions, the commercial jet-sized spy plane is a powerful weapon in the U.S. Navy's arsenal."
111,"How Capable of a range of missions, the commercial jet-sized spy plane is a powerful weapon in the U.S. Navy's arsenal.","Capable of a range of missions, the commercial jet-sized spy plane is a powerful weapon in the U.S. Navy's arsenal."
112,"When Capable of a range of missions, the commercial jet-sized spy plane is a powerful weapon in the U.S. Navy's arsenal.","Capable of a range of missions, the commercial jet-sized spy plane is a powerful weapon in the U.S. Navy's arsenal."
113,"Where Capable of a range of missions, the commercial jet-sized spy plane is a powerful weapon in the U.S. Navy's arsenal.","Capable of a range of missions, the commercial jet-sized spy plane is a powerful weapon in the U.S. Navy's arsenal."
114,"Why Ambergris is a fatty, waxy-looking substance.","Ambergris is a fatty, waxy-looking substance."
115,"Do you know why Ambergris is a fatty, waxy-looking substance.","Ambergris is a fatty, waxy-looking substance."
116,"What Ambergris is a fatty, waxy-looking substance.","Ambergris is a fatty, waxy-looking substance."
117,"How Ambergris is a fatty, waxy-looking substance.","Ambergris is a fatty, waxy-looking substance."
118,"When Ambergris is a fatty, waxy-looking substance.","Ambergris is a fatty, waxy-looking substance."
119,"Where Ambergris is a fatty, waxy-looking substance.","Ambergris is a fatty, waxy-looking substance."
120,"Why The plane's creators, Bertrand Piccard and Borschberg, said the trip is the first attempt by a solar airplane capable of flying day and night without fuel to fly across America.","The plane's creators, Bertrand Piccard and Borschberg, said the trip is the first attempt by a solar airplane capable of flying day and night without fuel to fly across America."
121,"Do you know why The plane's creators, Bertrand Piccard and Borschberg, said the trip is the first attempt by a solar airplane capable of flying day and night without fuel to fly across America.","The plane's creators, Bertrand Piccard and Borschberg, said the trip is the first attempt by a solar airplane capable of flying day and night without fuel to fly across America."
122,"What The plane's creators, Bertrand Piccard and Borschberg, said the trip is the first attempt by a solar airplane capable of flying day and night without fuel to fly across America.","The plane's creators, Bertrand Piccard and Borschberg, said the trip is the first attempt by a solar airplane capable of flying day and night without fuel to fly across America."
123,"How The plane's creators, Bertrand Piccard and Borschberg, said the trip is the first attempt by a solar airplane capable of flying day and night without fuel to fly across America.","The plane's creators, Bertrand Piccard and Borschberg, said the trip is the first attempt by a solar airplane capable of flying day and night without fuel to fly across America."
124,"When The plane's creators, Bertrand Piccard and Borschberg, said the trip is the first attempt by a solar airplane capable of flying day and night without fuel to fly across America.","The plane's creators, Bertrand Piccard and Borschberg, said the trip is the first attempt by a solar airplane capable of flying day and night without fuel to fly across America."
125,"Where The plane's creators, Bertrand Piccard and Borschberg, said the trip is the first attempt by a solar airplane capable of flying day and night without fuel to fly across America.","The plane's creators, Bertrand Piccard and Borschberg, said the trip is the first attempt by a solar airplane capable of flying day and night without fuel to fly across America."
126,"Why The plane's creators, Bertrand Piccard and Borschberg, said the trip is the first attempt by a solar airplane capable of flying day and night without fuel to fly across America.","The plane's creators, Bertrand Piccard and Borschberg, said the trip is the first attempt by a solar airplane capable of flying day and night without fuel to fly across America."
127,"Do you know why The plane's creators, Bertrand Piccard and Borschberg, said the trip is the first attempt by a solar airplane capable of flying day and night without fuel to fly across America.","The plane's creators, Bertrand Piccard and Borschberg, said the trip is the first attempt by a solar airplane capable of flying day and night without fuel to fly across America."
128,"What The plane's creators, Bertrand Piccard and Borschberg, said the trip is the first attempt by a solar airplane capable of flying day and night without fuel to fly across America.","The plane's creators, Bertrand Piccard and Borschberg, said the trip is the first attempt by a solar airplane capable of flying day and night without fuel to fly across America."
129,"How The plane's creators, Bertrand Piccard and Borschberg, said the trip is the first attempt by a solar airplane capable of flying day and night without fuel to fly across America.","The plane's creators, Bertrand Piccard and Borschberg, said the trip is the first attempt by a solar airplane capable of flying day and night without fuel to fly across America."
130,"When The plane's creators, Bertrand Piccard and Borschberg, said the trip is the first attempt by a solar airplane capable of flying day and night without fuel to fly across America.","The plane's creators, Bertrand Piccard and Borschberg, said the trip is the first attempt by a solar airplane capable of flying day and night without fuel to fly across America."
131,"Where The plane's creators, Bertrand Piccard and Borschberg, said the trip is the first attempt by a solar airplane capable of flying day and night without fuel to fly across America.","The plane's creators, Bertrand Piccard and Borschberg, said the trip is the first attempt by a solar airplane capable of flying day and night without fuel to fly across America."
132,"Why The plane's creators, Bertrand Piccard and Borschberg, said the trip is the first attempt by a solar airplane capable of flying day and night without fuel to fly across America.","The plane's creators, Bertrand Piccard and Borschberg, said the trip is the first attempt by a solar airplane capable of flying day and night without fuel to fly across America."
133,"Do you know why The plane's creators, Bertrand Piccard and Borschberg, said the trip is the first attempt by a solar airplane capable of flying day and night without fuel to fly across America.","The plane's creators, Bertrand Piccard and Borschberg, said the trip is the first attempt by a solar airplane capable of flying day and night without fuel to fly across America."
134,"What The plane's creators, Bertrand Piccard and Borschberg, said the trip is the first attempt by a solar airplane capable of flying day and night without fuel to fly across America.","The plane's creators, Bertrand Piccard and Borschberg, said the trip is the first attempt by a solar airplane capable of flying day and night without fuel to fly across America."
135,"How The plane's creators, Bertrand Piccard and Borschberg, said the trip is the first attempt by a solar airplane capable of flying day and night without fuel to fly across America.","The plane's creators, Bertrand Piccard and Borschberg, said the trip is the first attempt by a solar airplane capable of flying day and night without fuel to fly across America."
136,"When The plane's creators, Bertrand Piccard and Borschberg, said the trip is the first attempt by a solar airplane capable of flying day and night without fuel to fly across America.","The plane's creators, Bertrand Piccard and Borschberg, said the trip is the first attempt by a solar airplane capable of flying day and night without fuel to fly across America."
137,"Where The plane's creators, Bertrand Piccard and Borschberg, said the trip is the first attempt by a solar airplane capable of flying day and night without fuel to fly across America.","The plane's creators, Bertrand Piccard and Borschberg, said the trip is the first attempt by a solar airplane capable of flying day and night without fuel to fly across America."
138,"Why The plane's creators, Bertrand Piccard and Borschberg, said the trip is the first attempt by a solar airplane capable of flying day and night without fuel to fly across America.","The plane's creators, Bertrand Piccard and Borschberg, said the trip is the first attempt by a solar airplane capable of flying day and night without fuel to fly across America."
139,"Do you know why The plane's creators, Bertrand Piccard and Borschberg, said the trip is the first attempt by a solar airplane capable of flying day and night without fuel to fly across America.","The plane's creators, Bertrand Piccard and Borschberg, said the trip is the first attempt by a solar airplane capable of flying day and night without fuel to fly across America."
140,"What The plane's creators, Bertrand Piccard and Borschberg, said the trip is the first attempt by a solar airplane capable of flying day and night without fuel to fly across America.","The plane's creators, Bertrand Piccard and Borschberg, said the trip is the first attempt by a solar airplane capable of flying day and night without fuel to fly across America."
141,"How The plane's creators, Bertrand Piccard and Borschberg, said the trip is the first attempt by a solar airplane capable of flying day and night without fuel to fly across America.","The plane's creators, Bertrand Piccard and Borschberg, said the trip is the first attempt by a solar airplane capable of flying day and night without fuel to fly across America."
142,"When The plane's creators, Bertrand Piccard and Borschberg, said the trip is the first attempt by a solar airplane capable of flying day and night without fuel to fly across America.","The plane's creators, Bertrand Piccard and Borschberg, said the trip is the first attempt by a solar airplane capable of flying day and night without fuel to fly across America."
143,"Where The plane's creators, Bertrand Piccard and Borschberg, said the trip is the first attempt by a solar airplane capable of flying day and night without fuel to fly across America.","The plane's creators, Bertrand Piccard and Borschberg, said the trip is the first attempt by a solar airplane capable of flying day and night without fuel to fly across America."
144,"Why The plane's creators, Bertrand Piccard and Borschberg, said the trip is the first attempt by a solar airplane capable of flying day and night without fuel to fly across America.","The plane's creators, Bertrand Piccard and Borschberg, said the trip is the first attempt by a solar airplane capable of flying day and night without fuel to fly across America."
145,"Do you know why The plane's creators, Bertrand Piccard and Borschberg, said the trip is the first attempt by a solar airplane capable of flying day and night without fuel to fly across America.","The plane's creators, Bertrand Piccard and Borschberg, said the trip is the first attempt by a solar airplane capable of flying day and night without fuel to fly across America."
146,"What The plane's creators, Bertrand Piccard and Borschberg, said the trip is the first attempt by a solar airplane capable of flying day and night without fuel to fly across America.","The plane's creators, Bertrand Piccard and Borschberg, said the trip is the first attempt by a solar airplane capable of flying day and night without fuel to fly across America."
147,"How The plane's creators, Bertrand Piccard and Borschberg, said the trip is the first attempt by a solar airplane capable of flying day and night without fuel to fly across America.","The plane's creators, Bertrand Piccard and Borschberg, said the trip is the first attempt by a solar airplane capable of flying day and night without fuel to fly across America."
148,"When The plane's creators, Bertrand Piccard and Borschberg, said the trip is the first attempt by a solar airplane capable of flying day and night without fuel to fly across America.","The plane's creators, Bertrand Piccard and Borschberg, said the trip is the first attempt by a solar airplane capable of flying day and night without fuel to fly across America."
149,"Where The plane's creators, Bertrand Piccard and Borschberg, said the trip is the first attempt by a solar airplane capable of flying day and night without fuel to fly across America.","The plane's creators, Bertrand Piccard and Borschberg, said the trip is the first attempt by a solar airplane capable of flying day and night without fuel to fly across America."
150,"Why The plane's creators, Bertrand Piccard and Borschberg, said the trip is the first attempt by a solar airplane capable of flying day and night without fuel to fly across America.","The plane's creators, Bertrand Piccard and Borschberg, said the trip is the first attempt by a solar airplane capable of flying day and night without fuel to fly across America."
151,"Do you know why The plane's creators, Bertrand Piccard and Borschberg, said the trip is the first attempt by a solar airplane capable of flying day and night without fuel to fly across America.","The plane's creators, Bertrand Piccard and Borschberg, said the trip is the first attempt by a solar airplane capable of flying day and night without fuel to fly across America."
152,"What The plane's creators, Bertrand Piccard and Borschberg, said the trip is the first attempt by a solar airplane capable of flying day and night without fuel to fly across America.","The plane's creators, Bertrand Piccard and Borschberg, said the trip is the first attempt by a solar airplane capable of flying day and night without fuel to fly across America."
153,"How The plane's creators, Bertrand Piccard and Borschberg, said the trip is the first attempt by a solar airplane capable of flying day and night without fuel to fly across America.","The plane's creators, Bertrand Piccard and Borschberg, said the trip is the first attempt by a solar airplane capable of flying day and night without fuel to fly across America."
154,"When The plane's creators, Bertrand Piccard and Borschberg, said the trip is the first attempt by a solar airplane capable of flying day and night without fuel to fly across America.","The plane's creators, Bertrand Piccard and Borschberg, said the trip is the first attempt by a solar airplane capable of flying day and night without fuel to fly across America."
155,"Where The plane's creators, Bertrand Piccard and Borschberg, said the trip is the first attempt by a solar airplane capable of flying day and night without fuel to fly across America.","The plane's creators, Bertrand Piccard and Borschberg, said the trip is the first attempt by a solar airplane capable of flying day and night without fuel to fly across America."
156,"Why Tizen is a Linux-based open-source platform, which means anyone can develop apps for it.","Tizen is a Linux-based open-source platform, which means anyone can develop apps for it."
157,"Do you know why Tizen is a Linux-based open-source platform, which means anyone can develop apps for it.","Tizen is a Linux-based open-source platform, which means anyone can develop apps for it."
158,"What Tizen is a Linux-based open-source platform, which means anyone can develop apps for it.","Tizen is a Linux-based open-source platform, which means anyone can develop apps for it."
159,"How Tizen is a Linux-based open-source platform, which means anyone can develop apps for it.","Tizen is a Linux-based open-source platform, which means anyone can develop apps for it."
160,"When Tizen is a Linux-based open-source platform, which means anyone can develop apps for it.","Tizen is a Linux-based open-source platform, which means anyone can develop apps for it."
161,"Where Tizen is a Linux-based open-source platform, which means anyone can develop apps for it.","Tizen is a Linux-based open-source platform, which means anyone can develop apps for it."
162,"Why Sweet potatoes Vitamin E is a powerful antioxidant that helps protect our eyes from free radicals, which break down healthy tissues, Thau said.","Sweet potatoes Vitamin E is a powerful antioxidant that helps protect our eyes from free radicals, which break down healthy tissues, Thau said."
163,"Do you know why Sweet potatoes Vitamin E is a powerful antioxidant that helps protect our eyes from free radicals, which break down healthy tissues, Thau said.","Sweet potatoes Vitamin E is a powerful antioxidant that helps protect our eyes from free radicals, which break down healthy tissues, Thau said."
164,"What Sweet potatoes Vitamin E is a powerful antioxidant that helps protect our eyes from free radicals, which break down healthy tissues, Thau said.","Sweet potatoes Vitamin E is a powerful antioxidant that helps protect our eyes from free radicals, which break down healthy tissues, Thau said."
165,"How Sweet potatoes Vitamin E is a powerful antioxidant that helps protect our eyes from free radicals, which break down healthy tissues, Thau said.","Sweet potatoes Vitamin E is a powerful antioxidant that helps protect our eyes from free radicals, which break down healthy tissues, Thau said."
166,"When Sweet potatoes Vitamin E is a powerful antioxidant that helps protect our eyes from free radicals, which break down healthy tissues, Thau said.","Sweet potatoes Vitamin E is a powerful antioxidant that helps protect our eyes from free radicals, which break down healthy tissues, Thau said."
167,"Where Sweet potatoes Vitamin E is a powerful antioxidant that helps protect our eyes from free radicals, which break down healthy tissues, Thau said.","Sweet potatoes Vitamin E is a powerful antioxidant that helps protect our eyes from free radicals, which break down healthy tissues, Thau said."
168,"Why She noted that sweet potatoes and fortified cereals are both great sources of vitamin E.
4.","She noted that sweet potatoes and fortified cereals are both great sources of vitamin E.
4."
169,"Do you know why She noted that sweet potatoes and fortified cereals are both great sources of vitamin E.
4.","She noted that sweet potatoes and fortified cereals are both great sources of vitamin E.
4."
170,"What She noted that sweet potatoes and fortified cereals are both great sources of vitamin E.
4.","She noted that sweet potatoes and fortified cereals are both great sources of vitamin E.
4."
171,"How She noted that sweet potatoes and fortified cereals are both great sources of vitamin E.
4.","She noted that sweet potatoes and fortified cereals are both great sources of vitamin E.
4."
172,"When She noted that sweet potatoes and fortified cereals are both great sources of vitamin E.
4.","She noted that sweet potatoes and fortified cereals are both great sources of vitamin E.
4."
173,"Where She noted that sweet potatoes and fortified cereals are both great sources of vitamin E.
4.","She noted that sweet potatoes and fortified cereals are both great sources of vitamin E.
4."
174,"Why She noted that sweet potatoes and fortified cereals are both great sources of vitamin E.
4.","She noted that sweet potatoes and fortified cereals are both great sources of vitamin E.
4."
175,"Do you know why She noted that sweet potatoes and fortified cereals are both great sources of vitamin E.
4.","She noted that sweet potatoes and fortified cereals are both great sources of vitamin E.
4."
176,"What She noted that sweet potatoes and fortified cereals are both great sources of vitamin E.
4.","She noted that sweet potatoes and fortified cereals are both great sources of vitamin E.
4."
177,"How She noted that sweet potatoes and fortified cereals are both great sources of vitamin E.
4.","She noted that sweet potatoes and fortified cereals are both great sources of vitamin E.
4."
178,"When She noted that sweet potatoes and fortified cereals are both great sources of vitamin E.
4.","She noted that sweet potatoes and fortified cereals are both great sources of vitamin E.
4."
179,"Where She noted that sweet potatoes and fortified cereals are both great sources of vitamin E.
4.","She noted that sweet potatoes and fortified cereals are both great sources of vitamin E.
4."
180,"Why If you want to sweat away weight, vigorous exercise is a much better choice.","If you want to sweat away weight, vigorous exercise is a much better choice."
181,"Do you know why If you want to sweat away weight, vigorous exercise is a much better choice.","If you want to sweat away weight, vigorous exercise is a much better choice."
182,"What If you want to sweat away weight, vigorous exercise is a much better choice.","If you want to sweat away weight, vigorous exercise is a much better choice."
183,"How If you want to sweat away weight, vigorous exercise is a much better choice.","If you want to sweat away weight, vigorous exercise is a much better choice."
184,"When If you want to sweat away weight, vigorous exercise is a much better choice.","If you want to sweat away weight, vigorous exercise is a much better choice."
185,"Where If you want to sweat away weight, vigorous exercise is a much better choice.","If you want to sweat away weight, vigorous exercise is a much better choice."
186,"Why Popular science's explanation for men rolling over after ejaculation is a hormonal response alone, Dr. Raj Dasgupta, a professor of pulmonary and sleep medicine at the University of Southern California, and a spokesperson for the American Academy of Sleep Medicine, told Fox News.","Popular science's explanation for men rolling over after ejaculation is a hormonal response alone, Dr. Raj Dasgupta, a professor of pulmonary and sleep medicine at the University of Southern California, and a spokesperson for the American Academy of Sleep Medicine, told Fox News."
187,"Do you know why Popular science's explanation for men rolling over after ejaculation is a hormonal response alone, Dr. Raj Dasgupta, a professor of pulmonary and sleep medicine at the University of Southern California, and a spokesperson for the American Academy of Sleep Medicine, told Fox News.","Popular science's explanation for men rolling over after ejaculation is a hormonal response alone, Dr. Raj Dasgupta, a professor of pulmonary and sleep medicine at the University of Southern California, and a spokesperson for the American Academy of Sleep Medicine, told Fox News."
188,"What Popular science's explanation for men rolling over after ejaculation is a hormonal response alone, Dr. Raj Dasgupta, a professor of pulmonary and sleep medicine at the University of Southern California, and a spokesperson for the American Academy of Sleep Medicine, told Fox News.","Popular science's explanation for men rolling over after ejaculation is a hormonal response alone, Dr. Raj Dasgupta, a professor of pulmonary and sleep medicine at the University of Southern California, and a spokesperson for the American Academy of Sleep Medicine, told Fox News."
189,"How Popular science's explanation for men rolling over after ejaculation is a hormonal response alone, Dr. Raj Dasgupta, a professor of pulmonary and sleep medicine at the University of Southern California, and a spokesperson for the American Academy of Sleep Medicine, told Fox News.","Popular science's explanation for men rolling over after ejaculation is a hormonal response alone, Dr. Raj Dasgupta, a professor of pulmonary and sleep medicine at the University of Southern California, and a spokesperson for the American Academy of Sleep Medicine, told Fox News."
190,"When Popular science's explanation for men rolling over after ejaculation is a hormonal response alone, Dr. Raj Dasgupta, a professor of pulmonary and sleep medicine at the University of Southern California, and a spokesperson for the American Academy of Sleep Medicine, told Fox News.","Popular science's explanation for men rolling over after ejaculation is a hormonal response alone, Dr. Raj Dasgupta, a professor of pulmonary and sleep medicine at the University of Southern California, and a spokesperson for the American Academy of Sleep Medicine, told Fox News."
191,"Where Popular science's explanation for men rolling over after ejaculation is a hormonal response alone, Dr. Raj Dasgupta, a professor of pulmonary and sleep medicine at the University of Southern California, and a spokesperson for the American Academy of Sleep Medicine, told Fox News.","Popular science's explanation for men rolling over after ejaculation is a hormonal response alone, Dr. Raj Dasgupta, a professor of pulmonary and sleep medicine at the University of Southern California, and a spokesperson for the American Academy of Sleep Medicine, told Fox News."
192,"Why People diagnosed with diabetes should aim to have a healthy diet, and a Mediterranean diet is a good, healthy option, lead study author Katherine Esposito told Reuters Health in an email.","People diagnosed with diabetes should aim to have a healthy diet, and a Mediterranean diet is a good, healthy option, lead study author Katherine Esposito told Reuters Health in an email."
193,"Do you know why People diagnosed with diabetes should aim to have a healthy diet, and a Mediterranean diet is a good, healthy option, lead study author Katherine Esposito told Reuters Health in an email.","People diagnosed with diabetes should aim to have a healthy diet, and a Mediterranean diet is a good, healthy option, lead study author Katherine Esposito told Reuters Health in an email."
194,"What People diagnosed with diabetes should aim to have a healthy diet, and a Mediterranean diet is a good, healthy option, lead study author Katherine Esposito told Reuters Health in an email.","People diagnosed with diabetes should aim to have a healthy diet, and a Mediterranean diet is a good, healthy option, lead study author Katherine Esposito told Reuters Health in an email."
195,"How People diagnosed with diabetes should aim to have a healthy diet, and a Mediterranean diet is a good, healthy option, lead study author Katherine Esposito told Reuters Health in an email.","People diagnosed with diabetes should aim to have a healthy diet, and a Mediterranean diet is a good, healthy option, lead study author Katherine Esposito told Reuters Health in an email."
196,"When People diagnosed with diabetes should aim to have a healthy diet, and a Mediterranean diet is a good, healthy option, lead study author Katherine Esposito told Reuters Health in an email.","People diagnosed with diabetes should aim to have a healthy diet, and a Mediterranean diet is a good, healthy option, lead study author Katherine Esposito told Reuters Health in an email."
197,"Where People diagnosed with diabetes should aim to have a healthy diet, and a Mediterranean diet is a good, healthy option, lead study author Katherine Esposito told Reuters Health in an email.","People diagnosed with diabetes should aim to have a healthy diet, and a Mediterranean diet is a good, healthy option, lead study author Katherine Esposito told Reuters Health in an email."
198,"Why Diabetes is a huge problem in the United States today, and one that I don't believe is taken seriously enough.","Diabetes is a huge problem in the United States today, and one that I don't believe is taken seriously enough."
199,"Do you know why Diabetes is a huge problem in the United States today, and one that I don't believe is taken seriously enough.","Diabetes is a huge problem in the United States today, and one that I don't believe is taken seriously enough."
200,"What Diabetes is a huge problem in the United States today, and one that I don't believe is taken seriously enough.","Diabetes is a huge problem in the United States today, and one that I don't believe is taken seriously enough."
201,"How Diabetes is a huge problem in the United States today, and one that I don't believe is taken seriously enough.","Diabetes is a huge problem in the United States today, and one that I don't believe is taken seriously enough."
202,"When Diabetes is a huge problem in the United States today, and one that I don't believe is taken seriously enough.","Diabetes is a huge problem in the United States today, and one that I don't believe is taken seriously enough."
203,"Where Diabetes is a huge problem in the United States today, and one that I don't believe is taken seriously enough.","Diabetes is a huge problem in the United States today, and one that I don't believe is taken seriously enough."
204,"Why Diabetes is a huge problem in the United States today, and one that I don't believe is taken seriously enough.","Diabetes is a huge problem in the United States today, and one that I don't believe is taken seriously enough."
205,"Do you know why Diabetes is a huge problem in the United States today, and one that I don't believe is taken seriously enough.","Diabetes is a huge problem in the United States today, and one that I don't believe is taken seriously enough."
206,"What Diabetes is a huge problem in the United States today, and one that I don't believe is taken seriously enough.","Diabetes is a huge problem in the United States today, and one that I don't believe is taken seriously enough."
207,"How Diabetes is a huge problem in the United States today, and one that I don't believe is taken seriously enough.","Diabetes is a huge problem in the United States today, and one that I don't believe is taken seriously enough."
208,"When Diabetes is a huge problem in the United States today, and one that I don't believe is taken seriously enough.","Diabetes is a huge problem in the United States today, and one that I don't believe is taken seriously enough."
209,"Where Diabetes is a huge problem in the United States today, and one that I don't believe is taken seriously enough.","Diabetes is a huge problem in the United States today, and one that I don't believe is taken seriously enough."
210,Why The female breast is a remarkable collection of glands and fatty tissue that lies between the skin and the chest wall.,The female breast is a remarkable collection of glands and fatty tissue that lies between the skin and the chest wall.
211,Do you know why The female breast is a remarkable collection of glands and fatty tissue that lies between the skin and the chest wall.,The female breast is a remarkable collection of glands and fatty tissue that lies between the skin and the chest wall.
212,What The female breast is a remarkable collection of glands and fatty tissue that lies between the skin and the chest wall.,The female breast is a remarkable collection of glands and fatty tissue that lies between the skin and the chest wall.
213,How The female breast is a remarkable collection of glands and fatty tissue that lies between the skin and the chest wall.,The female breast is a remarkable collection of glands and fatty tissue that lies between the skin and the chest wall.
214,When The female breast is a remarkable collection of glands and fatty tissue that lies between the skin and the chest wall.,The female breast is a remarkable collection of glands and fatty tissue that lies between the skin and the chest wall.
215,Where The female breast is a remarkable collection of glands and fatty tissue that lies between the skin and the chest wall.,The female breast is a remarkable collection of glands and fatty tissue that lies between the skin and the chest wall.
216,Why The female breast is a remarkable collection of glands and fatty tissue that lies between the skin and the chest wall.,The female breast is a remarkable collection of glands and fatty tissue that lies between the skin and the chest wall.
217,Do you know why The female breast is a remarkable collection of glands and fatty tissue that lies between the skin and the chest wall.,The female breast is a remarkable collection of glands and fatty tissue that lies between the skin and the chest wall.
218,What The female breast is a remarkable collection of glands and fatty tissue that lies between the skin and the chest wall.,The female breast is a remarkable collection of glands and fatty tissue that lies between the skin and the chest wall.
219,How The female breast is a remarkable collection of glands and fatty tissue that lies between the skin and the chest wall.,The female breast is a remarkable collection of glands and fatty tissue that lies between the skin and the chest wall.
220,When The female breast is a remarkable collection of glands and fatty tissue that lies between the skin and the chest wall.,The female breast is a remarkable collection of glands and fatty tissue that lies between the skin and the chest wall.
221,Where The female breast is a remarkable collection of glands and fatty tissue that lies between the skin and the chest wall.,The female breast is a remarkable collection of glands and fatty tissue that lies between the skin and the chest wall.
222,Why The Naked Crispy Chicken Taco is a fried chicken lover's dream.,The Naked Crispy Chicken Taco is a fried chicken lover's dream.
223,Do you know why The Naked Crispy Chicken Taco is a fried chicken lover's dream.,The Naked Crispy Chicken Taco is a fried chicken lover's dream.
224,What The Naked Crispy Chicken Taco is a fried chicken lover's dream.,The Naked Crispy Chicken Taco is a fried chicken lover's dream.
225,How The Naked Crispy Chicken Taco is a fried chicken lover's dream.,The Naked Crispy Chicken Taco is a fried chicken lover's dream.
226,When The Naked Crispy Chicken Taco is a fried chicken lover's dream.,The Naked Crispy Chicken Taco is a fried chicken lover's dream.
227,Where The Naked Crispy Chicken Taco is a fried chicken lover's dream.,The Naked Crispy Chicken Taco is a fried chicken lover's dream.
